"Date","Open","High","Low","Close","Volume"
"2021-01-04","11.1252","11.2499","10.5000","10.8000","150491"
"2021-01-05","10.8500","11.8300","10.7500","11.1100","165312"
"2021-01-06","11.5000","11.5000","11.0000","11.0500","175597"
"2021-01-07","11.5000","11.5000","11.0500","11.1100","94302"
"2021-01-08","11.6500","12.3500","11.0000","11.0100","137470"
"2021-01-11","11.8000","11.8000","10.8000","11.1700","162646"
"2021-01-12","11.8000","11.8000","11.0700","11.1800","210156"
"2021-01-13","11.3400","11.3700","10.9700","11.2000","386105"
"2021-01-14","11.3100","11.7000","11.2250","11.4400","291118"
"2021-01-15","11.5700","11.7900","11.1100","11.2200","269711"
"2021-01-19","11.4000","11.4800","11.0900","11.3200","574096"
"2021-01-20","11.3300","11.4500","11.2500","11.3200","434250"
"2021-01-21","11.3900","11.7200","11.2400","11.5000","401628"
"2021-01-22","11.5500","12.2000","11.5000","12.0000","503899"
"2021-01-25","12.5000","12.5800","11.8000","12.0900","621123"
"2021-01-26","12.3800","12.4500","11.8300","11.9100","695021"
"2021-01-27","11.5200","11.6800","11.2600","11.4500","919681"
"2021-01-28","11.5000","11.6800","11.3500","11.3700","183553"
"2021-01-29","11.4200","11.4500","11.1000","11.3500","230928"
"2021-02-01","11.4500","11.6800","11.4000","11.5500","244758"
"2021-02-02","11.7700","12.1200","11.7200","11.9000","159266"
"2021-02-03","11.9800","12.2100","11.9600","12.0000","164570"
"2021-02-04","12.1500","12.2100","11.9300","11.9900","141966"
"2021-02-05","12.2000","12.2000","11.7400","11.7600","162389"
"2021-02-08","11.9800","11.9800","11.5800","11.7800","527863"
"2021-02-09","11.7700","11.9900","11.5600","11.9900","240406"
"2021-02-10","11.8600","11.9100","11.6500","11.8800","151281"
"2021-02-11","11.8800","11.9400","11.5600","11.7700","83288"
"2021-02-12","11.6500","11.8000","11.6100","11.8000","117201"
"2021-02-16","11.8000","11.8900","11.6100","11.7000","265468"
"2021-02-17","11.8500","11.8500","11.6700","11.8100","157867"
"2021-02-18","12.2700","12.4600","12.1100","12.2400","460259"
"2021-02-19","12.3700","13.1900","12.3700","12.7100","424275"
"2021-02-22","12.6600","13.2900","12.5579","12.7500","502920"
"2021-02-23","12.2500","12.3200","11.4000","12.1400","379651"
"2021-02-24","14.0500","15.3900","13.6100","14.4400","7375259"
"2021-02-25","14.0000","14.5600","13.0326","13.1200","2025099"
"2021-02-26","13.3400","14.8000","12.6000","14.4700","1702242"
"2021-03-01","14.6100","14.8400","13.7000","14.6000","960549"
"2021-03-02","14.5000","14.7500","12.8600","12.8600","830073"
"2021-03-03","13.0000","13.1500","11.7300","11.8700","1067132"
"2021-03-04","11.9500","12.1500","10.8600","11.9700","1296397"
"2021-03-05","12.0500","12.8000","11.5200","12.7000","959814"
"2021-03-08","12.1500","12.2900","10.7600","10.9000","5674018"
"2021-03-09","11.3200","11.5000","10.9100","11.3100","2175411"
"2021-03-10","11.7000","11.8800","10.8000","11.0800","2130519"
"2021-03-11","11.2000","11.3600","11.0000","11.2000","1644347"
"2021-03-12","11.0700","11.6000","11.0500","11.5100","1135857"
"2021-03-15","11.9200","11.9300","11.2000","11.5300","1468795"
"2021-03-16","11.3800","11.5800","10.9600","11.0200","1387333"
"2021-03-17","10.9400","11.2200","10.9000","11.0000","1278661"
"2021-03-18","10.9500","11.1500","10.7800","10.8100","877740"
"2021-03-19","10.7700","11.0500","10.7500","11.0500","475170"
"2021-03-22","11.2500","11.2500","10.8600","10.9400","564320"
"2021-03-23","10.8900","10.9603","10.5000","10.6300","732164"
"2021-03-24","10.6500","10.7800","10.5000","10.5200","972269"
"2021-03-25","10.5000","10.6200","10.1800","10.5600","1178234"
"2021-03-26","10.5100","10.7300","10.3300","10.5200","647328"
"2021-03-29","10.5700","10.7900","10.4602","10.7300","317449"
"2021-03-30","10.6400","10.6900","10.3100","10.5000","447089"
"2021-03-31","10.5200","10.7700","10.4100","10.7700","398744"
"2021-04-01","10.8700","10.9400","10.4500","10.5700","481163"
"2021-04-05","10.7700","10.7900","10.6000","10.6900","362033"
"2021-04-06","10.5600","10.7800","10.5500","10.7800","370665"
"2021-04-07","10.7800","10.9600","10.6200","10.6900","435737"
"2021-04-08","10.7900","11.0400","10.7300","11.0000","648405"
"2021-04-09","10.9700","11.0887","10.9200","11.0300","299857"
"2021-04-12","11.0000","11.0200","10.7800","10.8400","449965"
"2021-04-13","10.7500","10.9000","10.7000","10.7500","465537"
"2021-04-14","10.7000","10.7886","10.4800","10.5900","436045"
"2021-04-15","10.4900","10.6300","10.4500","10.5400","299271"
"2021-04-16","10.5000","10.5800","10.2500","10.3700","545664"
"2021-04-19","10.4200","10.4900","10.2300","10.2500","694688"
"2021-04-20","10.2500","10.3667","10.1200","10.3000","526259"
"2021-04-21","10.2000","10.4800","10.1700","10.4800","249233"
"2021-04-22","10.3800","10.6100","10.1300","10.3900","479161"
"2021-04-23","10.3200","10.5000","10.3000","10.4900","156172"
"2021-04-26","10.5000","10.5500","10.4800","10.5400","230908"
"2021-04-27","10.5000","10.5950","10.2900","10.5000","214653"
"2021-04-28","10.4200","10.6300","10.4200","10.6000","181123"
"2021-04-29","10.5000","10.6600","10.5000","10.6600","322737"
"2021-04-30","10.6500","10.8000","10.6300","10.7800","276126"
"2021-05-03","10.8500","10.8500","10.6600","10.8100","266745"
"2021-05-04","10.7800","10.7800","10.5000","10.6300","145310"
"2021-05-05","10.6300","10.6800","10.3500","10.4000","154700"
"2021-05-06","10.3400","10.3700","10.2500","10.2600","199992"
"2021-05-07","10.2800","10.3400","9.9900","10.2100","407523"
"2021-05-10","10.2000","10.2900","10.1100","10.1400","224460"
"2021-05-11","10.0000","10.0900","9.9200","10.0200","885261"
"2021-05-12","9.9500","10.1000","9.9400","10.0200","753729"
"2021-05-13","10.0000","10.1500","10.0000","10.0800","247931"
"2021-05-14","10.1100","10.1400","10.0100","10.0500","160129"
"2021-05-17","10.0000","10.0200","9.9600","10.0000","674415"
"2021-05-18","10.0300","10.0300","9.9400","9.9500","352665"
"2021-05-19","9.9500","9.9500","9.8800","9.9100","437698"
"2021-05-20","9.9300","9.9900","9.9000","9.9400","1700992"
"2021-05-21","9.9900","10.0200","9.9600","10.0000","907887"
"2021-05-24","10.0200","10.0200","9.9700","10.0000","163072"
"2021-05-25","10.0000","10.0300","9.9700","9.9700","345107"
"2021-05-26","9.9900","10.0300","9.9500","10.0000","328538"
"2021-05-27","10.0000","10.0400","9.9200","9.9300","63260"
"2021-05-28","9.9600","10.0300","9.9600","9.9800","265568"
"2021-06-01","10.0000","10.0200","9.9600","9.9800","344581"
"2021-06-02","9.9800","10.0200","9.9800","10.0000","185222"
"2021-06-03","10.0300","10.1098","9.9800","10.0500","177001"
"2021-06-04","10.1000","10.1100","10.0700","10.1000","184356"
"2021-06-07","10.2100","10.2900","10.1250","10.2400","465172"
"2021-06-08","10.3400","10.4900","10.2300","10.4400","939902"
"2021-06-09","10.6300","10.8900","10.4900","10.6000","1145394"
"2021-06-10","10.6000","10.8400","10.5100","10.5500","626146"
"2021-06-11","10.7600","10.8851","10.5400","10.5700","338063"
"2021-06-14","10.6700","10.7700","10.5000","10.5200","193685"
"2021-06-15","10.5500","10.6000","10.4300","10.4500","98133"
"2021-06-16","10.4100","10.4500","10.2600","10.4300","158558"
"2021-06-17","10.4400","10.4600","10.2700","10.3100","182866"
"2021-06-18","10.2400","10.3200","10.2400","10.2900","112695"
"2021-06-21","10.3400","10.3500","10.1400","10.1600","195788"
"2021-06-22","10.1600","10.1600","10.0000","10.1000","554047"
"2021-06-23","10.1100","10.1300","10.0800","10.1100","124325"
"2021-06-24","10.1600","10.3095","10.1550","10.3000","700507"
"2021-06-25","10.2600","10.4400","10.2600","10.3900","348064"
"2021-06-28","10.5400","10.8000","10.4500","10.4900","551185"
"2021-06-29","10.4900","10.5800","10.3101","10.5500","285919"
"2021-06-30","10.8000","10.8000","10.3500","10.6900","440184"
"2021-07-01","10.6400","10.7100","10.6118","10.7000","249322"
"2021-07-02","10.7000","10.7300","10.4550","10.4800","147084"
"2021-07-06","10.5300","10.6500","10.3300","10.5300","356201"
"2021-07-07","10.6000","10.6500","10.3900","10.4400","274592"
"2021-07-08","10.4400","10.5200","10.3500","10.4200","341277"
"2021-07-09","10.3800","10.5100","10.3600","10.5000","325620"
"2021-07-12","10.5300","10.5900","10.4200","10.4600","173900"
"2021-07-13","10.4600","10.4600","10.2800","10.3100","118365"
"2021-07-14","10.4000","10.4000","10.0400","10.1300","339893"
"2021-07-15","10.1600","10.3500","10.1000","10.1100","276606"
"2021-07-16","10.1100","10.2500","10.0900","10.1200","214831"
"2021-07-19","10.2000","10.2000","9.9400","9.9500","701842"
"2021-07-20","9.9900","10.0350","9.9300","9.9500","728357"
"2021-07-21","9.9500","9.9700","9.9000","9.9200","626917"
"2021-07-22","9.9300","9.9700","9.9000","9.9600","709502"
"2021-07-23","9.9800","9.9800","9.9200","9.9500","240907"
"2021-07-26","9.9400","10.0300","9.9300","9.9500","243152"
"2021-07-27","9.9500","9.9800","9.9200","9.9300","199995"
"2021-07-28","9.9500","9.9600","9.9100","9.9300","301963"
"2021-07-29","9.9100","9.9999","9.9100","9.9100","282567"
"2021-07-30","9.9100","9.9600","9.9100","9.9200","139113"
"2021-08-02","9.9300","9.9800","9.9100","9.9300","197422"
"2021-08-03","9.9500","9.9600","9.9200","9.9400","142788"
"2021-08-04","9.9700","9.9800","9.9200","9.9600","185143"
"2021-08-05","9.9400","9.9800","9.9300","9.9800","372271"
"2021-08-06","9.9900","10.0000","9.9300","9.9400","283413"
"2021-08-09","9.9900","10.0050","9.9800","10.0000","540053"
"2021-08-10","9.9800","10.0100","9.9700","10.0000","201551"
"2021-08-11","10.0500","10.0500","9.9900","10.0000","400329"
"2021-08-12","10.0000","10.0500","9.9500","10.0100","1199820"
"2021-08-13","10.0400","10.0500","9.9500","10.0200","628881"
"2021-08-16","10.0300","10.0400","9.9700","10.0000","243730"
"2021-08-17","10.0000","10.0100","9.9650","10.0100","442914"
"2021-08-18","10.0100","10.0100","9.9700","9.9800","164352"
"2021-08-19","10.0000","10.0100","9.9800","10.0000","359466"
"2021-08-20","10.0000","10.0200","9.9450","9.9900","797327"
"2021-08-23","9.9900","9.9900","9.9300","9.9600","728063"
"2021-08-24","9.9500","9.9900","9.9400","9.9800","686447"
"2021-08-25","9.9600","10.0000","9.9200","9.9200","619325"
"2021-08-26","9.9500","9.9800","9.9500","9.9600","366841"
"2021-08-27","9.9600","9.9850","9.9400","9.9800","186315"
"2021-08-30","9.9700","9.9900","9.9500","9.9800","218609"
"2021-08-31","9.9900","10.0000","9.9600","9.9900","260704"
"2021-09-01","9.9600","10.0000","9.9600","9.9700","458993"
"2021-09-02","9.9800","10.0000","9.9600","9.9700","745387"
"2021-09-03","10.0000","10.0000","9.9700","9.9800","273536"
"2021-09-07","10.0000","10.0100","9.9900","10.0100","550983"
"2021-09-08","10.0100","10.0100","9.9800","10.0000","274553"
"2021-09-09","10.0100","10.0900","9.9900","10.0700","1582795"
"2021-09-10","10.0700","10.0900","10.0000","10.0000","368340"
"2021-09-13","10.0400","10.0800","10.0000","10.0200","617096"
"2021-09-14","10.0300","10.0400","9.9900","10.0000","394522"
"2021-09-15","10.0100","10.0500","9.9900","10.0100","1452078"
"2021-09-16","10.0300","10.4600","10.0200","10.0500","3042765"
"2021-09-17","10.0800","10.1400","10.0000","10.0600","2009602"
"2021-09-20","10.0000","10.0300","9.9900","10.0100","1738147"
"2021-09-21","10.0200","10.1000","10.0000","10.0500","1601411"
"2021-09-22","10.0900","10.1800","9.9800","9.9900","3418481"
"2021-09-23","10.0800","10.0800","9.9801","10.0100","4097172"
"2021-09-24","10.0200","11.4700","10.0000","11.3000","12876889"
"2021-09-27","11.4500","12.9500","11.4400","11.9400","9964472"
"2021-09-28","11.8500","11.8800","10.8300","11.0700","5386650"
"2021-09-29","11.6400","11.6400","10.6600","10.9300","3136866"
"2021-09-30","11.1400","11.2200","9.9200","10.4000","4857927"
"2021-10-01","10.6000","10.6000","8.3300","9.2000","6513331"
"2021-10-04","9.4000","9.5000","7.5000","7.5100","7298630"
"2021-10-05","7.7100","8.0800","7.5100","7.7300","3638662"
"2021-10-06","7.8000","7.9800","7.0700","7.2500","3871745"
"2021-10-07","7.3900","7.8600","7.1000","7.6300","2684110"
"2021-10-08","7.8600","8.4800","7.7900","8.4100","3956214"
"2021-10-11","8.7700","9.4000","8.3900","8.4400","3385679"
"2021-10-12","8.7000","8.9270","8.4200","8.5300","1668544"
"2021-10-13","8.6200","9.2450","8.6100","9.2400","2729137"
"2021-10-14","9.8200","10.3597","9.6800","9.8200","4455434"
"2021-10-15","10.3100","10.5000","9.9000","10.0500","4353544"
"2021-10-18","10.0500","10.8000","10.0300","10.6900","2826961"
"2021-10-19","11.1400","11.8700","10.7300","10.9100","5952938"
"2021-10-20","11.1500","11.5000","10.0300","10.4400","4248300"
"2021-10-21","10.2700","10.8500","10.0800","10.1800","1729646"
"2021-10-22","10.1900","10.2900","9.3800","9.6600","2485300"
"2021-10-25","9.6000","10.8700","9.5100","10.2800","7722671"
"2021-10-26","10.4500","11.4500","10.3200","10.5200","4744584"
"2021-10-27","10.4500","12.8500","10.4500","12.2800","7887107"
"2021-10-28","12.4900","14.0800","11.8400","13.6300","7731027"
"2021-10-29","14.2600","16.0294","13.8500","15.0400","12903145"
"2021-11-01","15.8700","17.2200","14.6600","15.6600","9286984"
"2021-11-02","15.9600","16.0994","14.2100","15.0000","4069161"
"2021-11-03","15.5300","15.9900","14.7500","15.3500","3012949"
"2021-11-04","15.8700","16.8800","15.7700","16.4300","4775577"
"2021-11-05","17.2600","19.3900","17.2000","19.2700","12845705"
"2021-11-08","21.4500","21.6400","19.6000","21.3500","10373304"
"2021-11-09","22.7900","23.1400","20.1150","22.5300","11509838"
"2021-11-10","20.4500","21.8900","17.0173","18.2300","12954702"
"2021-11-11","19.9400","20.3000","18.2600","19.2500","6232997"
"2021-11-12","19.4500","20.2000","18.4350","20.1500","4743630"
"2021-11-15","20.6900","21.3900","19.0900","19.8200","5145405"
"2021-11-16","19.6700","26.8900","19.6200","26.3800","24684669"
"2021-11-17","26.3000","31.7898","24.0100","31.0000","20327370"
"2021-11-18","33.7400","35.9000","27.0300","27.9600","22398445"
"2021-11-19","29.2200","29.3700","27.0701","28.0100","8276012"
"2021-11-22","27.1100","27.7800","22.3200","23.1800","12180103"
"2021-11-23","22.7900","25.6900","21.6000","24.9600","10641182"
"2021-11-24","24.0100","27.0000","23.5100","25.9600","6161946"
"2021-11-26","24.2600","25.9400","23.7600","24.1800","3736280"
"2021-11-29","25.0000","25.0499","22.4100","24.0800","5822437"
"2021-11-30","23.5400","25.8500","22.6400","23.8200","6891658"
"2021-12-01","24.1900","24.5000","20.0500","20.7500","6754524"
"2021-12-02","20.6600","21.7800","19.0900","21.4500","6549843"
"2021-12-03","21.1200","21.3500","18.5000","18.7800","6736846"
"2021-12-06","18.2000","19.6500","17.2000","18.7900","5532440"
"2021-12-07","19.5000","21.9702","19.5000","21.5300","6462856"
"2021-12-08","21.2700","22.2000","20.5200","20.9700","4611596"
"2021-12-09","21.4100","22.3200","18.5100","18.6100","6264317"
"2021-12-10","19.0100","19.5840","18.1300","18.5700","3626935"
"2021-12-13","18.5700","19.2300","16.6100","16.6700","5657318"
"2021-12-14","16.0700","16.9900","15.8500","16.1000","5066317"
"2021-12-15","16.0000","18.1000","15.5300","17.8400","6808974"
"2021-12-16","18.5400","18.5500","15.7950","16.0600","7132374"
"2021-12-17","15.9200","17.7200","15.5700","16.7700","11570259"
"2021-12-20","16.3000","16.7500","15.1500","15.2800","5446016"
"2021-12-21","15.8300","16.2450","15.2300","16.1800","3845766"
"2021-12-22","16.0900","17.7500","16.0100","16.8200","3889757"
"2021-12-23","16.8500","18.2964","16.8000","17.8600","3379884"
"2021-12-27","18.5000","18.8500","17.7700","18.3000","3522842"
"2021-12-28","18.4500","18.4800","16.7823","17.0700","3904773"
"2021-12-29","17.0000","17.8400","16.1300","17.7000","3245760"
"2021-12-30","17.4000","18.1500","17.0600","17.7300","2498787"
"2021-12-31","17.6000","18.0000","16.6200","16.7000","2171645"
"2022-01-03","17.0700","17.6800","16.6000","17.4700","2697318"
"2022-01-04","17.7100","17.8600","15.7600","16.4400","4880552"
"2022-01-05","16.2600","16.4399","15.3100","15.3800","3054049"
"2022-01-06","14.9900","15.5100","14.2800","14.8400","4681988"
"2022-01-07","14.9300","15.0300","14.1100","14.3700","3140795"
"2022-01-10","13.7500","13.8965","12.9038","13.7100","4965580"
"2022-01-11","13.6800","14.7900","13.6700","14.6900","2943761"
"2022-01-12","14.8800","15.0245","13.9100","14.0900","2333942"
"2022-01-13","14.0000","14.2600","12.9200","12.9800","3362291"
"2022-01-14","12.9900","13.4900","12.6201","12.9300","2596891"
"2022-01-18","12.4300","12.8200","12.0800","12.2000","2932672"
"2022-01-19","12.3700","12.5100","11.7800","11.7900","3329720"
"2022-01-20","11.8600","12.6699","11.6500","11.7200","3009548"
"2022-01-21","11.5600","11.7999","10.7800","10.8800","3816883"
"2022-01-24","10.3000","10.9100","9.5000","10.8900","6164444"
"2022-01-25","10.6100","10.8900","10.1800","10.4400","2847686"
"2022-01-26","11.1400","11.6100","10.4400","10.7100","4183370"
"2022-01-27","10.9300","10.9800","9.5000","9.5100","4071246"
"2022-01-28","9.6700","10.1500","9.1600","10.0900","3457388"
"2022-01-31","10.0900","11.4400","10.0000","11.4400","3802477"
"2022-02-01","11.4200","12.2100","11.1200","12.2000","2885069"
"2022-02-02","12.3500","12.4000","11.1400","11.4900","3767245"
"2022-02-03","10.9900","11.7100","10.9000","11.3900","2914030"
"2022-02-04","11.4200","13.0000","11.3300","12.9000","4387064"
"2022-02-07","13.0900","13.6000","12.5700","13.1900","2845200"
"2022-02-08","12.9400","13.3100","12.5300","12.9600","2744472"
"2022-02-09","13.1200","14.2700","12.8000","14.2700","2658979"
"2022-02-10","13.5800","16.1900","13.5700","14.7600","5497108"
"2022-02-11","15.1500","17.2300","14.8600","16.8200","7508442"
"2022-02-14","16.1500","17.6599","15.9700","16.5400","4931373"
"2022-02-15","16.8100","17.1200","15.6000","16.5800","4535069"
"2022-02-16","16.1200","16.3600","15.3200","15.8200","2547532"
"2022-02-17","15.4400","16.0342","14.8500","15.4800","3007736"
"2022-02-18","15.3300","15.4000","14.1400","14.6800","3160066"
"2022-02-22","14.0800","15.4500","14.0117","14.5300","2646324"
"2022-02-23","14.8700","15.0520","13.6400","13.7200","2404021"
"2022-02-24","12.9100","15.6000","12.9100","15.6000","3690514"
"2022-02-25","15.2000","15.7200","14.8300","15.1000","2505342"
"2022-02-28","15.2800","16.5651","15.2100","15.9800","2709377"
"2022-03-01","15.8100","15.9300","14.3400","14.5000","2457903"
"2022-03-02","14.7200","15.0400","14.3400","14.6600","2193592"
"2022-03-03","14.7000","14.8650","13.2100","13.2800","2759573"
"2022-03-04","13.5000","13.7000","12.1800","12.3900","3542867"
"2022-03-07","12.4100","12.9000","11.8500","11.8900","3152291"
"2022-03-08","11.9000","12.2325","11.5200","11.7700","2954021"
"2022-03-09","12.0700","12.6200","11.7700","12.5000","2301565"
"2022-03-10","12.3000","12.8700","11.8329","12.7500","1848439"
"2022-03-11","12.9900","13.0000","12.2527","12.3300","1498109"
"2022-03-14","12.0900","12.3700","11.2200","11.4100","2160767"
"2022-03-15","11.6300","12.5800","11.2900","12.4900","1845117"
"2022-03-16","12.5100","13.1800","12.3700","13.0700","2280333"
"2022-03-17","12.9000","14.0000","12.8700","13.8300","2409535"
"2022-03-18","13.6800","14.3600","13.6100","14.3600","2862297"
"2022-03-21","14.5000","15.4400","13.9800","14.6400","3401292"
"2022-03-22","14.5600","15.2900","14.5600","14.8100","2210450"
"2022-03-23","14.6700","14.7000","13.9000","14.2000","2126628"
"2022-03-24","14.2800","14.4000","13.6818","13.9500","2040843"
"2022-03-25","13.9500","14.0000","12.9500","13.1800","2354194"
"2022-03-28","13.2500","13.5720","12.7100","13.1400","2445590"
"2022-03-29","13.2600","13.3500","12.0000","12.3900","10204370"
"2022-03-30","12.4000","13.2600","12.1200","12.3700","6765308"
"2022-03-31","12.4200","13.2200","12.2000","12.7600","4205261"
"2022-04-01","12.8400","13.0700","12.4000","13.0000","2982450"
"2022-04-04","13.0000","13.7600","12.8450","13.5800","3028075"
"2022-04-05","13.4100","13.4700","12.4000","12.5300","3636634"
"2022-04-06","12.4700","12.5300","11.7300","12.3000","3262795"
"2022-04-07","12.3400","12.7500","12.1150","12.4400","1941620"
"2022-04-08","12.3500","12.5100","12.0600","12.3200","1376387"
"2022-04-11","11.8500","11.8600","10.7750","10.7900","6097851"
"2022-04-12","11.3500","11.3700","10.9000","10.9900","3297965"
"2022-04-13","11.0200","11.6800","10.8300","11.3700","3344989"
"2022-04-14","11.3600","11.4000","10.6300","10.6600","3464991"
"2022-04-18","10.8200","10.9058","10.2500","10.6000","4208947"
"2022-04-19","10.6600","11.0200","10.1500","10.9200","3792727"
"2022-04-20","10.9200","10.9600","9.7900","9.8000","16927286"
"2022-04-21","10.0500","10.1000","9.4100","9.5000","5955326"
"2022-04-22","9.7100","9.7100","8.8100","9.1800","6286916"
"2022-04-25","9.0300","9.3600","8.8250","9.1400","5347930"
"2022-04-26","9.1500","9.2000","8.1000","8.1000","7216973"
"2022-04-27","8.1500","8.5400","8.1000","8.2000","4767750"
"2022-04-28","8.3900","8.4100","7.7700","8.3100","5377462"
"2022-04-29","8.2700","8.5300","7.8600","7.8700","4241178"
"2022-05-02","7.8800","8.1100","7.6300","7.8600","6120202"
"2022-05-03","7.4900","7.8000","6.8900","7.1500","17095988"
"2022-05-04","6.7100","7.5100","6.4700","7.5000","13086201"
"2022-05-05","7.2500","7.2500","6.1800","6.2300","8710878"
"2022-05-06","6.2000","6.3000","5.6600","5.9200","7052616"
"2022-05-09","5.7400","5.8300","5.0500","5.0800","8236847"
"2022-05-10","5.2900","5.3300","4.7800","4.8800","7071821"
"2022-05-11","4.8800","4.8950","4.2900","4.3400","7444398"
"2022-05-12","4.2400","5.0150","4.1600","4.7600","7427958"
"2022-05-13","5.0000","5.3200","4.9000","5.2000","6825042"
"2022-05-16","5.2900","5.3400","4.8200","4.8600","6070002"
"2022-05-17","5.2100","5.7800","5.1201","5.7100","7037630"
"2022-05-18","5.6300","6.3400","5.3900","5.4500","8711868"
"2022-05-19","5.5000","5.9500","5.4350","5.8300","6715407"
"2022-05-20","5.9200","6.0000","5.3100","5.6300","5048387"
"2022-05-23","5.6000","5.7984","5.4000","5.7600","3717074"
"2022-05-24","5.6200","5.7300","5.2800","5.3900","3973240"
"2022-05-25","5.3900","5.7300","5.3200","5.7200","3486736"
"2022-05-26","5.5300","6.0685","5.5100","5.7600","5036531"
"2022-05-27","5.8300","6.1160","5.6730","5.9300","6495532"
"2022-05-31","6.0400","6.1200","5.4800","5.7500","7839657"
"2022-06-01","5.7400","5.8512","5.2250","5.2900","5081528"
"2022-06-02","5.2900","5.8400","5.2400","5.8000","4389408"
"2022-06-03","5.6700","5.7400","5.4450","5.5300","3319860"
"2022-06-06","5.7400","5.9800","5.5850","5.6400","5976712"
"2022-06-07","5.5800","5.7800","5.2900","5.5200","5055354"
"2022-06-08","5.5300","6.0350","5.5200","5.8400","5453825"
"2022-06-09","5.8600","5.8600","5.3200","5.3200","4096944"
"2022-06-10","5.1800","5.3500","4.9000","4.9100","5191078"
"2022-06-13","4.6300","4.7900","4.5000","4.5200","5082665"
"2022-06-14","4.6300","4.6950","4.3850","4.6100","3952008"
"2022-06-15","4.6500","5.1100","4.6400","5.0000","6368093"
"2022-06-16","4.7400","4.9250","4.6000","4.7600","5455988"
"2022-06-17","4.9600","5.1200","4.8000","5.0400","6562642"
"2022-06-21","5.1800","5.4700","5.1200","5.1400","5844025"
"2022-06-22","5.0100","5.3200","4.9400","4.9900","4739430"
"2022-06-23","5.0200","5.1300","4.8401","5.1200","3056734"
"2022-06-24","5.1300","5.3200","5.0900","5.1100","18820650"
"2022-06-27","5.2100","5.2800","4.8100","4.8300","3395466"
"2022-06-28","4.9100","5.0800","4.6650","4.6900","2884970"
"2022-06-29","4.7000","4.7000","4.4200","4.4600","3166215"
"2022-06-30","4.4200","4.4800","4.2150","4.3800","3177070"
"2022-07-01","4.3800","4.4900","4.3000","4.3900","2211453"
"2022-07-05","4.3200","4.5500","4.2200","4.5500","2323193"
"2022-07-06","4.5200","4.6500","4.4550","4.6100","2414038"
"2022-07-07","4.6800","5.0600","4.5100","5.0500","2772317"
"2022-07-08","4.8900","5.1200","4.8150","5.0700","2286270"
"2022-07-11","4.9600","4.9950","4.6100","4.6100","2198907"
"2022-07-12","4.6400","4.7791","4.4600","4.4700","2144905"
"2022-07-13","4.3300","4.5300","4.2900","4.4300","1950188"
"2022-07-14","4.4300","4.4800","4.3100","4.3900","1965466"
"2022-07-15","4.4800","4.5300","4.3400","4.5300","1910144"
"2022-07-18","4.6300","4.7700","4.5600","4.5900","2542068"
"2022-07-19","4.6900","4.8700","4.6000","4.7300","2264909"
"2022-07-20","4.7700","5.2200","4.7600","5.1200","3309156"
"2022-07-21","5.0600","5.2600","4.9800","5.2600","2389589"
"2022-07-22","5.2100","5.2300","4.7850","4.8800","2083003"
"2022-07-25","4.9300","5.0086","4.8300","4.9400","1535210"
"2022-07-26","4.8900","4.9100","4.6700","4.7200","2001011"
"2022-07-27","4.8400","5.1450","4.7600","5.1000","1607838"
"2022-07-28","5.0900","5.2900","5.0100","5.2900","2223090"
"2022-07-29","5.1900","5.4100","5.1400","5.4000","1921274"
"2022-08-01","5.4100","5.4400","5.1900","5.2500","2756158"
"2022-08-02","5.1700","5.6100","5.1500","5.5100","2105250"
"2022-08-03","5.6100","5.9300","5.5800","5.9000","3105201"
"2022-08-04","6.0300","6.2800","5.9500","6.2000","3978162"
"2022-08-05","6.1800","6.4350","6.0600","6.4200","4247848"
"2022-08-08","6.5200","6.6500","6.1100","6.1300","3667419"
"2022-08-09","6.0100","6.0300","5.6100","5.7200","3070399"
"2022-08-10","6.0400","6.4000","5.9800","6.3300","4736053"
"2022-08-11","6.4600","6.5600","6.0550","6.0700","2951989"
"2022-08-12","6.2900","6.2900","5.9800","6.2100","3073510"
"2022-08-15","6.2400","6.5000","6.1900","6.3600","3837680"
"2022-08-16","7.1100","8.6100","7.0800","8.3800","21302900"
"2022-08-17","8.0400","8.2300","7.6100","7.8600","6813586"
"2022-08-18","8.2400","8.2600","7.6200","7.6300","5666551"
"2022-08-19","7.2500","7.3392","6.5900","6.6200","5497240"
"2022-08-22","6.4300","6.6400","6.2800","6.4200","3411748"
"2022-08-23","6.5000","6.7200","6.4000","6.4300","2341153"
"2022-08-24","6.4700","7.1150","6.3800","6.5800","4483886"
"2022-08-25","6.7400","6.8700","6.5400","6.8400","2887891"
"2022-08-26","6.8300","6.8500","6.1500","6.1900","4455680"
"2022-08-29","6.0000","6.3650","6.0000","6.1900","2047286"
"2022-08-30","6.3000","6.3000","5.8000","5.8800","3319661"
"2022-08-31","6.0100","6.0480","5.7700","5.9400","2732225"
"2022-09-01","5.8400","5.8600","5.5900","5.7900","2442583"
"2022-09-02","5.9000","5.9000","5.6012","5.7000","2116566"
"2022-09-06","5.7900","5.8000","5.5650","5.6300","2124558"
"2022-09-07","5.5800","5.6600","5.1500","5.3000","4189960"
"2022-09-08","5.3000","5.3600","5.0900","5.2400","2949745"
"2022-09-09","5.2900","5.4900","5.2400","5.3900","3021357"
"2022-09-12","5.4500","5.9250","5.4300","5.9200","3295372"
"2022-09-13","5.5700","5.7500","5.4800","5.5900","2841407"
"2022-09-14","5.6300","5.9600","5.4600","5.7900","2474731"
"2022-09-15","5.6800","5.9800","5.5900","5.7600","2272824"
"2022-09-16","5.6800","5.6800","5.4100","5.4900","4046532"
"2022-09-19","5.4100","5.5100","5.2300","5.3900","1897209"
"2022-09-20","5.3600","5.4200","5.2100","5.2700","1587358"
"2022-09-21","5.3300","5.5200","5.1750","5.2000","1994192"
"2022-09-22","5.2500","5.2500","4.8550","4.9700","2794755"
"2022-09-23","4.8200","4.9025","4.6500","4.7700","2464126"
"2022-09-26","4.7500","5.0300","4.7300","4.7900","1960884"
"2022-09-27","4.9800","5.0495","4.7700","4.8400","1459871"
"2022-09-28","4.7500","5.1200","4.7300","5.0700","1598680"
"2022-09-29","4.9200","4.9900","4.6600","4.7800","1665891"
"2022-09-30","5.0900","5.5000","4.9300","5.0700","8108887"
"2022-10-03","5.1800","5.3100","4.9650","5.2600","2732074"
"2022-10-04","5.4300","5.9800","5.4100","5.8800","4339545"
"2022-10-05","5.6100","5.7899","5.4900","5.7100","2577573"
"2022-10-06","5.7300","5.9200","5.6100","5.6400","1822354"
"2022-10-07","5.4500","5.5300","5.2500","5.2800","2564319"
"2022-10-10","5.3200","5.3400","4.9800","5.0700","2163192"
"2022-10-11","5.0100","5.0600","4.5203","4.8900","2791889"
"2022-10-12","4.9200","5.0550","4.8100","5.0500","1882926"
"2022-10-13","4.7800","5.2000","4.6800","5.1800","2844452"
"2022-10-14","5.2700","5.3350","4.8600","4.8700","1725794"
"2022-10-17","5.0500","5.2561","5.0400","5.1400","1911636"
"2022-10-18","5.3400","5.3900","5.0050","5.0800","1966453"
"2022-10-19","5.0200","5.0800","4.8982","5.0100","1571542"
"2022-10-20","5.0000","5.2500","4.9700","5.0700","1771198"
"2022-10-21","5.0700","5.1500","4.9550","5.1300","1309774"
"2022-10-24","5.1500","5.1500","4.9200","5.0600","1746525"
"2022-10-25","5.1100","5.4785","5.1000","5.4000","2707233"
"2022-10-26","5.2800","5.6000","5.2500","5.5300","2851750"
"2022-10-27","5.5900","5.7400","5.4000","5.4700","2447536"
"2022-10-28","5.4600","5.7000","5.4500","5.6900","1878435"
"2022-10-31","5.6500","5.9350","5.6500","5.8900","2493970"
"2022-11-01","6.0000","6.0900","5.6000","5.6100","2143391"
"2022-11-02","5.6300","5.7050","5.3250","5.3300","1868294"
"2022-11-03","5.3200","5.4000","5.1500","5.1600","1658283"
"2022-11-04","5.3500","5.3700","5.0200","5.1600","2237728"
"2022-11-07","5.2100","5.2800","5.0639","5.2700","1461417"
"2022-11-08","5.3000","5.3100","4.9301","4.9600","3762099"
"2022-11-09","5.0000","5.0000","4.6100","4.6100","3297939"
"2022-11-10","5.0600","5.5600","5.0600","5.5600","4050761"
"2022-11-11","5.5200","5.9300","5.3700","5.8300","3027427"
"2022-11-14","5.7800","6.0800","5.6400","5.9900","3905078"
"2022-11-15","5.8200","6.2700","5.4700","5.6500","6816862"
"2022-11-16","5.6000","5.6300","5.2000","5.2500","2695799"
"2022-11-17","5.0000","5.1000","4.8000","4.9100","5582472"
"2022-11-18","5.0700","5.0700","4.8300","4.9200","3034545"
"2022-11-21","4.9400","4.9400","4.7500","4.8000","2345629"
"2022-11-22","4.8700","4.8900","4.7400","4.8500","1689318"
"2022-11-23","4.9200","4.9900","4.8300","4.9800","2242153"
"2022-11-25","4.9500","5.0100","4.9100","4.9100","756678"
"2022-11-28","4.8800","5.0200","4.8500","4.9400","2000087"
"2022-11-29","4.9900","5.0000","4.8100","4.8300","1631528"
"2022-11-30","4.9100","5.1600","4.7902","5.1600","3408561"
"2022-12-01","5.1200","5.2600","4.9500","4.9600","2318791"
"2022-12-02","4.8500","4.9800","4.7450","4.9400","2881701"
"2022-12-05","4.8600","4.9000","4.6100","4.6500","3261305"
"2022-12-06","4.6800","4.7100","4.3300","4.3500","3876835"
"2022-12-07","4.3700","4.4400","4.3115","4.3500","2317349"
"2022-12-08","4.4500","4.6900","4.3450","4.6200","2050843"
"2022-12-09","4.5900","4.6800","4.4800","4.4800","1617764"
"2022-12-12","4.4300","4.4900","4.3750","4.4700","2150339"
"2022-12-13","4.7000","4.7550","4.2700","4.3200","3858833"
"2022-12-14","4.3700","4.5050","4.1700","4.2300","3240571"
"2022-12-15","4.1600","4.2000","3.8800","3.9100","5466674"
"2022-12-16","3.9600","3.9700","3.7750","3.8600","4233004"
"2022-12-19","3.8700","3.9100","3.6400","3.7000","3165986"
"2022-12-20","3.7000","3.8100","3.6250","3.7100","2835699"
"2022-12-21","3.7700","3.8300","3.6600","3.6900","2052675"
"2022-12-22","3.6200","3.6350","3.3600","3.3700","5613301"
"2022-12-23","3.3900","3.4000","3.2703","3.3000","4519150"
"2022-12-27","3.2800","3.3000","3.0500","3.1000","4232526"
"2022-12-28","3.1200","3.2050","3.0400","3.1200","3397599"
"2022-12-29","3.1800","3.6800","3.1300","3.5400","4854413"
"2022-12-30","3.4500","3.5299","3.3800","3.4500","2348555"
"2023-01-03","3.5700","3.7150","3.4100","3.4600","2736599"
"2023-01-04","3.5100","3.7000","3.4500","3.6100","2001371"
"2023-01-05","3.5500","3.6900","3.5200","3.6400","1883488"
"2023-01-06","3.6800","3.7800","3.5900","3.7700","1728794"
"2023-01-09","3.8900","4.0100","3.7850","3.8100","3357765"
"2023-01-10","3.8300","3.8590","3.6800","3.8100","2284539"
"2023-01-11","3.9100","3.9900","3.7800","3.8600","2697810"
"2023-01-12","3.9000","4.0500","3.7000","4.0500","2986550"
"2023-01-13","3.9700","4.4200","3.9450","4.4100","4058432"
"2023-01-17","4.4000","4.4300","4.1950","4.3500","3102232"
"2023-01-18","4.4000","4.5499","4.2000","4.2000","2382907"
"2023-01-19","4.0900","4.1500","4.0100","4.0200","1799572"
"2023-01-20","4.2400","4.4400","4.1400","4.3400","3701080"
"2023-01-23","4.5100","4.6200","4.3650","4.5000","3859992"
"2023-01-24","4.4600","4.7300","4.3700","4.4400","1794776"
"2023-01-25","4.3100","4.5400","4.2615","4.5000","1582730"
"2023-01-26","4.6300","4.6800","4.3050","4.5400","3110206"
"2023-01-27","4.4800","4.5650","4.4300","4.4900","4102644"
"2023-01-30","4.4700","4.5900","4.4000","4.4600","2272851"
"2023-01-31","4.5000","4.5750","4.4215","4.4400","2490918"
"2023-02-01","4.4500","4.7900","4.4000","4.7600","4175127"
"2023-02-02","4.9300","5.5700","4.9039","5.4900","7545171"
"2023-02-03","5.2600","5.7200","5.2200","5.5000","4767473"
"2023-02-06","5.8000","6.0000","5.3400","5.4100","9931635"
"2023-02-07","5.4400","5.4400","4.9500","5.1500","5826551"
"2023-02-08","5.1500","5.4800","5.1000","5.1300","3321220"
"2023-02-09","5.2100","5.2200","4.6650","4.6900","4728603"
"2023-02-10","4.7200","4.9400","4.6800","4.8100","2746900"
"2023-02-13","4.8700","4.9100","4.6801","4.8900","2522008"
"2023-02-14","4.7600","5.0700","4.6700","4.9900","3955981"
"2023-02-15","5.0000","5.6500","5.0000","5.6500","5544942"
"2023-02-16","5.4800","5.5900","5.2600","5.2800","3491469"
"2023-02-17","5.1700","5.1999","4.8000","4.8800","3684472"
"2023-02-21","4.8700","4.9200","4.6150","4.6400","2904938"
"2023-02-22","4.6800","4.7800","4.5501","4.7600","2515159"
"2023-02-23","4.8700","4.9000","4.6101","4.7800","2380940"
"2023-02-24","4.6000","4.7000","4.5100","4.5700","2326853"
"2023-02-27","4.6000","4.6700","4.5800","4.6300","1413194"
"2023-02-28","4.6500","4.8200","4.5950","4.7400","1745296"
"2023-03-01","4.7600","4.7700","4.5600","4.6200","1926985"
"2023-03-02","4.5400","4.7700","4.4600","4.7600","2181653"
"2023-03-03","4.8000","5.0500","4.7850","5.0300","2405759"
"2023-03-06","5.0700","5.2100","4.9000","4.9300","2333712"
"2023-03-07","4.9600","5.1300","4.8200","4.9400","2225456"
"2023-03-08","4.9700","5.1500","4.8640","5.0600","2135807"
"2023-03-09","5.0500","5.1900","4.7700","4.8300","3300133"
"2023-03-10","4.8300","4.8400","4.4900","4.5600","3782810"
"2023-03-13","4.4700","4.7900","4.3800","4.7100","3784414"
"2023-03-14","4.7700","4.9300","4.7300","4.7900","2361426"
"2023-03-15","4.6400","4.8000","4.6300","4.7700","2366105"
"2023-03-16","4.7700","4.8800","4.6800","4.8000","1841694"
"2023-03-17","4.8200","4.8900","4.6350","4.7300","2666111"
"2023-03-20","4.7200","4.7589","4.6100","4.6100","2310042"
"2023-03-21","4.6500","4.9400","4.6300","4.8700","5128051"
"2023-03-22","4.8800","4.9800","4.6500","4.6500","2518188"
"2023-03-23","4.7200","5.0800","4.7100","4.8400","3364727"
"2023-03-24","4.8400","4.9550","4.7450","4.8800","2343160"
"2023-03-27","4.9400","5.2350","4.8400","5.1200","3741574"
"2023-03-28","5.1200","5.1300","4.6500","4.7000","4003717"
"2023-03-29","4.8200","5.1400","4.8000","5.1300","3382831"
"2023-03-30","5.2000","5.3500","5.0400","5.0800","4318464"
"2023-03-31","5.3500","6.7700","5.2500","6.1500","33616027"
"2023-04-03","6.2700","6.5400","5.9100","6.1500","10188073"
"2023-04-04","6.3100","7.1800","6.3000","7.0700","18441870"
"2023-04-05","7.2100","7.2100","6.4100","6.6600","12436281"
"2023-04-06","6.3000","6.9600","6.2100","6.8100","6841115"
"2023-04-10","6.8400","7.0000","6.6400","6.8500","5715385"
"2023-04-11","6.9200","7.3500","6.6800","6.7800","7214963"
"2023-04-12","7.0400","7.0600","6.5100","6.5900","4389049"
"2023-04-13","6.6700","6.9400","6.6100","6.8200","3771703"
"2023-04-14","6.7100","6.9550","6.5300","6.7100","3389308"
"2023-04-17","6.6800","6.8700","6.4200","6.5500","3291042"
"2023-04-18","6.5900","6.6100","6.2700","6.4000","3666535"
"2023-04-19","6.2100","6.3650","6.1600","6.2800","2708376"
"2023-04-20","6.0700","6.2400","6.0000","6.1000","3137051"
"2023-04-21","6.1000","6.2700","6.0001","6.2500","2363024"
"2023-04-24","6.2800","6.3400","5.8200","5.8400","4710023"
"2023-04-25","5.7100","5.7400","5.4400","5.5100","3922357"
"2023-04-26","5.5200","5.6000","5.3700","5.4000","2997299"
"2023-04-27","5.5000","5.6591","5.4500","5.5500","2497861"
"2023-04-28","5.6000","5.6000","5.4100","5.5100","2645328"
"2023-05-01","5.5300","5.6600","5.4500","5.4900","3298439"
"2023-05-02","5.4500","5.5850","5.3000","5.3100","2767372"
"2023-05-03","5.3400","5.5299","5.2900","5.4100","2418509"
"2023-05-04","5.4500","5.6000","5.3800","5.5700","2591466"
"2023-05-05","5.7400","5.9600","5.7000","5.9000","4138349"
"2023-05-08","6.1300","6.2400","6.0000","6.1500","4032566"
"2023-05-09","6.1200","6.4600","6.0700","6.3800","3731943"
"2023-05-10","6.5400","6.9700","6.4300","6.9500","5292635"
"2023-05-11","6.8400","7.1200","6.6500","7.0200","9256522"
"2023-05-12","6.3900","6.6600","6.0000","6.3500","9156548"
"2023-05-15","6.3400","7.4600","6.3312","7.3400","7741744"
"2023-05-16","7.0400","8.0600","7.0200","7.9900","12604317"
"2023-05-17","7.9900","9.1500","7.9100","8.9600","13777041"
"2023-05-18","8.9800","9.4500","8.5300","9.0900","14432007"
"2023-05-19","9.1400","9.3200","8.7650","8.8800","7209879"
"2023-05-22","9.0100","11.3199","8.8900","10.8600","26211097"
"2023-05-23","10.9300","11.6500","10.6600","10.8300","17921025"
"2023-05-24","9.6800","10.3600","9.1500","10.2400","15813853"
"2023-05-25","10.5100","10.6300","9.2300","9.3500","16432897"
"2023-05-26","9.4800","10.2200","9.4500","10.0000","10900923"
"2023-05-30","10.2000","11.1000","9.8600","10.9900","15712410"
"2023-05-31","10.5300","11.0700","10.3100","10.7900","11226041"
"2023-06-01","10.5700","11.3400","10.4000","10.7200","13483072"
"2023-06-02","10.6300","10.7000","9.0600","9.2200","16664523"
"2023-06-05","9.4600","9.9000","8.9000","9.8400","7733383"
"2023-06-06","9.5500","10.0500","9.3000","9.8100","8085418"
"2023-06-07","9.9300","10.4800","9.4100","9.4500","9282549"
"2023-06-08","9.6400","10.8700","9.4500","10.6500","12100056"
"2023-06-09","10.4500","11.3100","10.3300","10.5500","10992737"
"2023-06-12","10.6500","11.2200","10.2510","10.5400","8760211"
"2023-06-13","10.8500","10.8500","9.9400","10.6300","10530357"
"2023-06-14","10.5200","11.5600","9.7200","9.9400","19989280"
"2023-06-15","9.9300","10.0494","9.7300","9.9400","5935185"
"2023-06-16","10.1200","10.1700","9.6200","9.7000","5951336"
"2023-06-20","9.6500","9.7088","9.1200","9.3100","6761171"
"2023-06-21","9.1500","9.3800","8.8300","9.2200","7077978"
"2023-06-22","9.0100","9.5400","8.9750","9.4300","7220222"
"2023-06-23","10.0600","10.6700","9.2000","9.3700","22404090"
"2023-06-26","9.7600","10.7800","9.5200","10.3300","17817689"
"2023-06-27","10.4600","10.8800","10.2600","10.8100","8606689"
"2023-06-28","10.6700","13.5550","10.6600","13.3500","34141664"
"2023-06-29","13.2000","14.0700","12.8600","13.5300","17017590"
"2023-06-30","13.8200","14.8000","13.4150","13.5300","17052269"
"2023-07-03","13.7900","14.3000","13.3200","13.5000","6078634"
"2023-07-05","13.4900","15.0700","13.3400","14.1200","13877215"
"2023-07-06","13.8600","13.8900","12.6901","13.2900","10300282"
"2023-07-07","13.7200","14.1300","13.2200","13.2800","8341607"
"2023-07-10","13.5000","14.1500","12.9300","14.0300","9416803"
"2023-07-11","14.0700","14.5500","13.5100","13.8600","10789056"
"2023-07-12","14.1700","14.8250","13.6100","14.7200","12558721"
"2023-07-13","14.6000","14.8800","14.0100","14.4600","10442010"
"2023-07-14","14.6200","15.3600","13.4108","13.5500","13972981"
"2023-07-17","13.7600","14.9400","13.4700","14.9000","10548630"
"2023-07-18","14.8000","15.8500","14.7800","15.7100","13845672"
"2023-07-19","16.0200","16.3000","14.8900","15.5200","12203058"
"2023-07-20","15.3800","16.0794","14.7700","14.9200","7778363"
"2023-07-21","15.3300","15.4800","14.1950","14.4200","7127976"
"2023-07-24","14.5800","14.8000","14.1500","14.3900","4571088"
"2023-07-25","14.5700","15.8700","14.4710","15.2200","9280049"
"2023-07-26","15.4300","16.3800","14.9300","16.1900","10018206"
"2023-07-27","16.6100","17.0500","15.2700","15.5300","11511094"
"2023-07-28","15.8600","18.0100","15.7700","17.9300","14818562"
"2023-07-31","18.8200","19.3300","18.0600","19.2500","13950882"
"2023-08-01","18.4800","20.1400","18.4300","19.8600","15712003"
"2023-08-02","19.1300","19.4700","17.3000","18.3300","13988184"
"2023-08-03","18.0000","19.0200","17.8510","18.2900","7803963"
"2023-08-04","18.3500","18.6100","17.1600","17.3900","10845198"
"2023-08-07","17.4100","17.4100","15.0000","15.5800","15512328"
"2023-08-08","14.8500","15.5000","14.7500","15.3300","8051683"
"2023-08-09","15.8400","15.8400","14.1000","14.4900","12370385"
"2023-08-10","14.8500","15.2800","14.1500","14.1900","12999605"
"2023-08-11","14.9400","17.7399","14.9100","15.7100","51478069"
"2023-08-14","16.5500","16.6400","14.6600","14.8800","16876616"
"2023-08-15","14.7300","16.7799","14.5300","15.5600","25775804"
"2023-08-16","15.1800","15.5000","13.6100","13.6900","16770797"
"2023-08-17","14.0200","14.0200","13.0000","13.0100","11812161"
"2023-08-18","12.3700","13.6584","12.1900","13.4200","11928615"
"2023-08-21","13.7200","14.4801","13.3550","14.4200","9703492"
"2023-08-22","14.9000","15.0700","14.1700","14.9200","9453986"
"2023-08-23","14.7900","16.2700","14.6400","16.1000","10681141"
"2023-08-24","16.3800","16.4200","14.1800","14.6200","11746805"
"2023-08-25","14.6600","15.3400","14.1900","14.6700","10050640"
"2023-08-28","14.8600","15.4300","14.3200","15.2700","8170348"
"2023-08-29","15.1400","16.6000","14.9510","16.5000","13203494"
"2023-08-30","16.3200","17.4284","16.1100","17.1200","11589156"
"2023-08-31","17.1200","17.5300","16.5613","17.1900","7681982"
"2023-09-01","17.3400","17.6200","16.5300","17.5100","7835784"
"2023-09-05","17.2800","19.0700","17.2700","18.9700","12119131"
"2023-09-06","18.8400","20.0500","18.6300","19.5800","13193818"
"2023-09-07","18.5200","18.5200","16.6000","17.4900","16134629"
"2023-09-08","17.6000","19.3500","17.5918","19.3400","13094247"
"2023-09-11","19.2000","19.7700","18.7600","19.6800","11040863"
"2023-09-12","19.2100","21.6000","19.1200","19.3100","21368943"
"2023-09-13","19.3700","19.9600","18.5700","18.6900","13052493"
"2023-09-14","18.7700","19.2900","17.7700","18.0300","11911056"
"2023-09-15","17.9700","18.0700","16.7500","17.0800","13729859"
"2023-09-18","17.0300","17.6800","16.0800","16.1600","10491991"
"2023-09-19","16.3500","16.6000","15.7200","15.7800","9755830"
"2023-09-20","15.9500","16.4400","14.7750","14.8000","14212643"
"2023-09-21","14.4000","14.6491","13.5100","13.5300","15438643"
"2023-09-22","14.0800","14.3600","13.1800","13.2800","11661344"
"2023-09-25","13.2100","13.6500","12.9600","13.4100","8908493"
"2023-09-26","13.2400","13.6900","12.9800","13.1000","8431098"
"2023-09-27","13.3300","14.5200","13.2500","14.2400","15092385"
"2023-09-28","14.4500","15.6200","13.9300","15.3900","15513850"
"2023-09-29","15.4900","15.8750","14.5900","14.8800","13846228"
"2023-10-02","14.9300","15.1450","14.4700","14.8100","7661504"
"2023-10-03","14.4700","14.6300","13.7000","13.9200","8441426"
"2023-10-04","13.8600","14.8750","13.8300","14.7700","8775480"
"2023-10-05","14.5000","14.8700","14.1700","14.6900","6183592"
"2023-10-06","14.3900","15.3500","14.1700","15.2900","8894965"
"2023-10-09","14.4200","15.1298","14.3300","14.6400","8915891"
"2023-10-10","14.7400","16.3800","14.7100","16.0000","16382174"
"2023-10-11","16.1900","16.6000","15.3200","15.6900","9986672"
"2023-10-12","15.7800","16.2300","14.9700","15.2100","9742887"
"2023-10-13","15.0100","15.2300","14.1850","14.2900","8371921"
"2023-10-16","14.2000","14.7663","14.0200","14.4100","6725431"
"2023-10-17","14.1200","14.7099","13.8100","14.3800","6852651"
"2023-10-18","14.1800","14.5300","13.5100","13.6900","7830915"
"2023-10-19","13.7900","14.0700","13.3300","13.4700","7664930"
"2023-10-20","13.2900","13.5200","12.5150","12.5900","9586865"
"2023-10-23","12.3400","12.8795","11.8300","12.6400","11506304"
"2023-10-24","11.1300","11.8300","10.9101","11.0100","18483495"
"2023-10-25","11.1500","11.2100","10.2700","10.4000","12868734"
"2023-10-26","10.2900","10.4500","9.8500","9.9200","12436498"
"2023-10-27","10.2000","10.3900","10.0600","10.1400","7936523"
"2023-10-30","10.4000","10.4298","9.3500","9.5000","12284672"
"2023-10-31","9.4600","9.7200","9.2300","9.6400","7301687"
"2023-11-01","9.7300","10.2900","9.6000","10.2200","9031454"
"2023-11-02","10.9200","11.3400","10.7500","11.1400","11768983"
"2023-11-03","11.2400","12.0900","11.2400","11.5800","9590592"
"2023-11-06","11.8100","11.9200","10.9694","11.2100","10032050"
"2023-11-07","11.1900","11.6100","11.0301","11.4700","7873239"
"2023-11-08","11.5600","11.5700","11.1050","11.4100","7449383"
"2023-11-09","11.1800","12.5800","10.9100","11.2300","16070335"
"2023-11-10","11.2700","11.2700","10.1500","10.6600","11940458"
"2023-11-13","10.5900","11.7400","10.5300","11.5500","12006033"
"2023-11-14","11.8700","12.7350","11.6600","12.6900","10069520"
"2023-11-15","12.8100","13.5800","12.2800","12.9900","12077311"
"2023-11-16","12.7900","12.7900","12.0601","12.2000","7567873"
"2023-11-17","12.4400","12.8500","12.2700","12.7000","7101709"
"2023-11-20","12.8600","13.2900","12.7500","12.8500","5988313"
"2023-11-21","12.5700","12.5900","12.1700","12.2900","5387269"
"2023-11-22","12.5300","13.3800","12.2150","12.4200","7320398"
"2023-11-24","12.4600","12.5000","12.0800","12.3600","3057836"
"2023-11-27","12.1900","12.6000","12.0300","12.1000","5517499"
"2023-11-28","12.0400","12.2700","11.6900","12.2100","6430672"
"2023-11-29","12.6200","13.2400","12.3750","12.4800","8847670"
"2023-11-30","12.7300","12.8300","12.1700","12.2300","6469361"
"2023-12-01","12.2100","13.6600","11.9200","13.6100","9840653"
"2023-12-04","13.3200","14.0900","13.3000","13.7600","9841454"
"2023-12-05","13.5500","13.6000","12.8800","13.0100","6930494"
"2023-12-06","13.4600","14.0000","12.9400","12.9700","8598665"
"2023-12-07","13.0500","13.2100","12.6500","13.2000","6021298"
"2023-12-08","13.0600","13.7900","12.9800","13.6900","8181388"
"2023-12-11","13.1700","13.4000","12.6650","13.0500","10633976"
"2023-12-12","13.0300","13.2350","12.6500","12.7600","7545507"
"2023-12-13","12.7500","13.4300","12.2700","13.4300","11648936"
"2023-12-14","13.6400","14.9000","13.6200","14.7600","15617185"
"2023-12-15","14.6300","15.4950","14.5900","14.9300","12601521"
"2023-12-18","14.6000","15.0250","14.4073","14.5700","6809445"
"2023-12-19","14.6800","15.2300","14.2300","14.3200","7336511"
"2023-12-20","14.1800","14.6100","13.3300","13.3900","8701214"
"2023-12-21","13.8300","14.0000","13.5150","13.7900","4937341"
"2023-12-22","13.9100","14.1500","13.5300","13.6400","4895885"
"2023-12-26","13.6700","13.7400","13.0000","13.5200","8866839"
"2023-12-27","13.6400","13.9100","13.1700","13.2100","7331192"
"2023-12-28","13.1500","13.3950","13.0200","13.2300","5065110"
"2023-12-29","13.1700","13.1800","12.3300","12.3900","8605308"
"2024-01-02","12.3500","12.5899","12.1000","12.1600","5951056"
"2024-01-03","11.8100","12.0897","11.7700","11.9300","6225723"
"2024-01-04","12.0600","12.6100","11.8500","12.2800","7264447"
"2024-01-05","12.0900","12.3800","11.9500","12.0000","6051926"
"2024-01-08","12.1200","12.7300","12.0250","12.6400","6044317"
"2024-01-09","12.4200","12.6400","12.1700","12.4500","4920947"
"2024-01-10","12.4600","12.4900","11.6100","12.0900","7384831"
"2024-01-11","12.0700","12.2700","11.3600","11.5600","7131271"
"2024-01-12","11.7400","11.9650","11.3700","11.4000","4476916"
"2024-01-16","11.2000","11.2700","10.8700","10.9700","5654503"
"2024-01-17","10.7000","10.8900","10.4600","10.8500","4866353"
"2024-01-18","11.3900","11.4000","10.4700","10.7200","6329262"
"2024-01-19","10.8400","10.8600","10.3200","10.8500","5365696"
"2024-01-22","11.1800","11.8650","11.1500","11.7200","7254920"
"2024-01-23","12.1000","12.1200","11.5424","11.7500","5291401"
"2024-01-24","12.0500","12.1000","11.0600","11.0700","4997069"
"2024-01-25","11.4500","11.9900","11.1600","11.2800","7254597"
"2024-01-26","11.3800","11.5700","10.9550","11.0100","4796061"
"2024-01-29","10.8900","11.2200","10.7500","11.2100","4820083"
"2024-01-30","11.0600","11.1199","10.5500","10.6900","5563726"
"2024-01-31","10.6200","10.9350","10.2700","10.2700","7529454"
"2024-02-01","10.4700","10.4800","9.9350","10.2400","7506034"
"2024-02-02","10.0200","10.3381","9.8900","10.2700","5139738"
"2024-02-05","10.1200","10.1600","9.6000","9.8700","5647793"
"2024-02-06","9.9000","10.4600","9.7900","10.4400","5674097"
"2024-02-07","10.3700","10.5000","10.1600","10.4100","4608736"
"2024-02-08","10.4500","10.9900","10.3800","10.9000","5687713"
"2024-02-09","11.2300","11.2500","10.7600","11.1600","5637256"
"2024-02-12","11.1300","12.0250","11.0600","11.6200","7744256"
"2024-02-13","10.7300","10.9000","10.4500","10.5400","7615518"
"2024-02-14","10.9400","10.9800","10.5000","10.9300","5604434"
"2024-02-15","11.1700","11.2800","10.7700","11.0100","5129275"
"2024-02-16","11.2600","11.2600","10.7000","10.8200","5774466"
"2024-02-20","10.8700","11.0100","10.3500","10.6200","5079747"
"2024-02-21","10.4200","10.7100","10.3500","10.6300","4109474"
"2024-02-22","10.9100","11.1650","10.7600","10.9900","5899635"
"2024-02-23","11.1100","11.1200","10.5300","10.6500","4680166"
"2024-02-26","10.8200","11.3000","10.7700","11.2400","6379250"
"2024-02-27","11.4300","11.6756","11.2400","11.5700","7446969"
"2024-02-28","11.3000","11.6287","11.1600","11.2600","12725134"
"2024-02-29","11.7100","11.7198","10.2000","10.3600","26317478"
"2024-03-01","10.3100","10.8600","10.1700","10.6600","10199115"
"2024-03-04","10.4900","10.6600","9.8500","10.0900","10708557"
"2024-03-05","9.9300","10.0000","9.1512","9.3700","13959069"
"2024-03-06","9.8900","10.1550","9.3100","9.9200","9924269"
"2024-03-07","10.4000","11.3200","10.1750","10.9000","12969466"
"2024-03-08","11.1600","12.3200","10.8000","10.8100","17133609"
"2024-03-11","10.7700","10.7700","9.7000","9.7900","11618946"
"2024-03-12","10.0100","10.2500","9.6100","9.8700","8172862"
"2024-03-13","9.7700","10.0650","9.6000","9.6300","7411220"
"2024-03-14","9.6800","9.7000","9.1100","9.2000","7512506"
"2024-03-15","9.1600","9.3800","9.0700","9.3100","6442915"
"2024-03-18","9.3900","9.6750","9.0700","9.5400","5450571"
"2024-03-19","9.2100","9.4800","9.0600","9.2400","6808870"
"2024-03-20","9.1700","9.5900","9.0900","9.5800","5210935"
"2024-03-21","9.7400","9.7900","9.3300","9.4200","4876244"
"2024-03-22","9.3800","9.5500","9.2620","9.3900","3168808"
"2024-03-25","9.3500","9.7000","9.3300","9.5500","3969775"
"2024-03-26","9.6150","9.6900","9.1000","9.1100","5806284"
"2024-03-27","9.2300","9.5600","9.1450","9.5500","4185911"
"2024-03-28","9.4900","10.0100","9.4100","9.9900","5696592"
"2024-04-01","9.9800","10.0900","9.6600","9.9900","4414556"
"2024-04-02","9.6300","9.7250","9.2600","9.3600","5074992"
"2024-04-03","9.3200","9.5400","9.2800","9.3200","4319337"
"2024-04-04","9.4700","9.7200","9.0900","9.1200","4969601"
"2024-04-05","9.2200","9.3700","9.0275","9.2100","4327039"
"2024-04-08","9.2700","9.3600","8.3201","8.3700","11867432"
"2024-04-09","8.2800","8.6100","8.1700","8.4000","5099252"
"2024-04-10","8.0000","8.2500","7.9400","8.0000","6775318"
"2024-04-11","8.0200","8.3800","7.9612","8.2400","4254490"
"2024-04-12","8.0800","8.2215","7.9300","8.0300","3625928"
"2024-04-15","8.0100","8.0207","7.4500","7.5300","6593584"
"2024-04-16","7.3240","7.7200","7.2600","7.5200","5415169"
"2024-04-17","7.5500","7.7900","7.2650","7.2800","4038997"
"2024-04-18","7.2800","7.5900","7.1400","7.3700","4138663"
"2024-04-19","7.2100","7.3400","6.9800","7.0900","4877776"
"2024-04-22","7.1800","7.6150","7.1200","7.4900","6174898"
"2024-04-23","7.5500","8.2100","7.5300","7.9700","6747556"
"2024-04-24","8.1600","8.3700","8.0100","8.2000","5987292"
"2024-04-25","7.8900","8.2300","7.8400","8.1800","3453513"
"2024-04-26","8.2200","8.9700","8.1550","8.9700","6782534"
"2024-04-29","8.9600","9.1500","8.8200","8.9200","5907834"
"2024-04-30","8.7300","8.7990","8.5200","8.5500","3785158"
"2024-05-01","8.4900","9.2150","8.4500","8.7500","3707166"
"2024-05-02","9.0900","9.1400","8.6602","9.0000","4342696"
"2024-05-03","9.2500","9.3100","8.9100","8.9400","3924288"
"2024-05-06","9.1700","9.3300","9.1400","9.2800","7959645"
"2024-05-07","9.1600","9.1890","8.6200","8.6300","6884411"
"2024-05-08","8.6000","8.7950","8.4800","8.7800","4531480"
"2024-05-09","9.0500","9.4700","8.6300","9.2000","6360680"
"2024-05-10","9.2100","9.3100","8.6100","8.7100","3888579"
"2024-05-13","8.7900","9.2350","8.6700","8.7700","4937571"
"2024-05-14","8.9600","9.4150","8.9600","9.2200","6765406"
"2024-05-15","9.4600","9.5600","8.8800","9.0000","4588643"
"2024-05-16","8.9700","9.0196","8.7000","8.7100","3187027"
"2024-05-17","8.8100","8.9100","8.6500","8.7800","2834693"
"2024-05-20","8.8100","9.0050","8.7231","8.8800","3894845"
"2024-05-21","8.8400","8.8586","8.3600","8.4800","4746953"
"2024-05-22","8.4900","8.8550","8.4600","8.6000","3189599"
"2024-05-23","8.6900","8.7400","8.2700","8.3200","3948439"
"2024-05-24","8.4400","8.5555","8.3700","8.4300","2592451"
"2024-05-28","8.4200","8.4800","8.1800","8.2800","3529860"
"2024-05-29","8.1000","8.2150","8.0350","8.1400","3103241"
"2024-05-30","8.2500","8.4700","8.1701","8.4000","3285151"
"2024-05-31","8.5100","8.6200","8.0900","8.1500","3052929"
"2024-06-03","8.2900","8.3200","7.7700","7.7800","4488814"
"2024-06-04","7.7800","7.9100","7.6700","7.7100","3447983"
"2024-06-05","7.8800","7.9700","7.7000","7.9300","3083075"
"2024-06-06","7.8600","7.8700","7.7000","7.8300","2526360"
"2024-06-07","7.7100","8.1200","7.6700","7.8600","3649259"
"2024-06-10","7.8000","8.3050","7.7400","8.2200","3636863"
"2024-06-11","8.0800","8.1300","7.8100","7.8700","3125407"
"2024-06-12","8.1600","8.3700","7.9300","7.9500","4556301"
"2024-06-13","8.0000","8.1300","7.5900","7.7100","4324471"
"2024-06-14","7.5900","7.7650","7.5560","7.7000","2994123"
"2024-06-17","7.6100","7.6400","7.2950","7.5600","5442826"
"2024-06-18","7.3300","7.4100","7.1843","7.2100","4767558"
"2024-06-20","7.1000","7.1150","6.7700","6.8000","7647993"
"2024-06-21","6.7400","6.8100","6.3300","6.7600","8544431"
"2024-06-24","6.8400","7.0900","6.6600","6.7600","4598547"
"2024-06-25","6.8300","6.8400","6.5800","6.5900","3581612"
"2024-06-26","6.6300","6.7650","6.5300","6.7300","4537374"
"2024-06-27","6.8000","7.1500","6.6600","7.1000","4772312"
"2024-06-28","7.1800","7.1900","6.8400","7.0300","13443640"
"2024-07-01","7.0700","7.1199","6.7900","6.8400","3906082"
"2024-07-02","6.8400","7.1800","6.8400","7.1400","3466678"
"2024-07-03","7.1400","7.3150","7.0650","7.1700","2206106"
"2024-07-05","7.2000","7.6092","7.0925","7.4100","4367993"
"2024-07-08","7.5200","7.8000","7.4950","7.6700","5026532"
"2024-07-09","7.6900","7.9450","7.4500","7.9300","4151564"
"2024-07-10","7.9300","8.4600","7.7600","8.4500","6353785"
"2024-07-11","8.4050","8.7700","7.7800","8.0200","9838368"
"2024-07-12","8.1700","8.4500","8.0000","8.4500","5800924"
"2024-07-15","8.5300","9.0350","8.4550","8.9500","6298280"
"2024-07-16","9.0000","9.0500","8.6301","9.0300","5359697"
"2024-07-17","8.6800","8.9100","8.3600","8.5600","4774445"
"2024-07-18","8.6300","8.8400","8.0800","8.2100","4660946"
"2024-07-19","8.0700","8.0710","7.3700","7.4300","6323758"
"2024-07-22","7.6800","8.0800","7.5450","8.0800","4471299"
"2024-07-23","7.9700","8.3750","7.9100","8.3000","3943224"
"2024-07-24","8.1400","8.3603","7.6200","7.6200","4827458"
"2024-07-25","7.5700","8.1550","7.4800","7.9300","4338934"
"2024-07-26","8.1200","8.2700","7.8200","8.2100","4307768"
"2024-07-29","8.3400","8.4400","7.8000","7.8900","3420308"
"2024-07-30","7.9400","8.0000","7.6100","7.8000","3040949"
"2024-07-31","7.9800","8.4650","7.9200","8.1500","4221351"
"2024-08-01","8.0300","8.1000","7.3800","7.5200","4867140"
"2024-08-02","7.0100","7.2650","6.9450","7.0800","5137442"
"2024-08-05","6.2700","6.9300","6.2200","6.5700","7189399"
"2024-08-06","6.8400","7.3500","6.5850","7.2100","6742061"
"2024-08-07","7.3400","7.3700","6.7800","6.8000","6279093"
"2024-08-08","7.2400","7.2800","6.8950","7.1100","6603584"
"2024-08-09","7.2000","7.5200","6.9400","7.1200","4208093"
"2024-08-12","7.1300","7.2100","6.6800","6.7200","4990205"
"2024-08-13","6.8500","7.3200","6.7750","7.2800","4266428"
"2024-08-14","7.3800","7.4400","7.0600","7.3100","3273793"
"2024-08-15","7.4300","7.6600","7.3900","7.4200","3579554"
"2024-08-16","7.3600","7.5300","7.2401","7.2800","2604206"
"2024-08-19","7.3200","7.3300","7.1300","7.2900","2608108"
"2024-08-20","7.2700","7.3650","7.0812","7.2100","2536515"
"2024-08-21","7.3000","7.7900","7.2500","7.7700","4247336"
"2024-08-22","7.7000","7.7529","7.3000","7.3100","3946823"
"2024-08-23","7.3700","7.6799","7.3450","7.3800","4239944"
"2024-08-26","7.5000","7.6500","7.3900","7.5100","3604534"
"2024-08-27","7.4100","7.4700","7.1000","7.2800","3729073"
"2024-08-28","7.2600","7.3500","6.9100","7.0100","3713909"
"2024-08-29","7.2300","7.5400","7.1800","7.3200","3114642"
"2024-08-30","7.4400","7.5395","7.3300","7.4200","2892183"
"2024-09-03","7.3000","7.3650","6.9400","6.9600","4483815"
"2024-09-04","6.8900","7.1400","6.7800","7.0100","3305130"
"2024-09-05","7.0300","7.2400","6.9800","7.0400","2062278"
"2024-09-06","7.0600","7.1099","6.7100","6.8000","3789962"
"2024-09-09","6.9500","7.0000","6.5500","6.6200","4046600"
"2024-09-10","6.7000","6.9700","6.5400","6.9000","3811277"
"2024-09-11","6.8700","7.3100","6.8001","7.2300","4276176"
"2024-09-12","7.2100","7.4300","7.0912","7.3800","4553780"
"2024-09-13","7.4000","7.8300","7.4000","7.7600","4402180"
"2024-09-16","7.7000","7.8600","7.4000","7.8200","4029813"
"2024-09-17","7.9200","8.2500","7.8700","8.1200","4870499"
"2024-09-18","8.0800","8.2700","7.7640","7.8300","5114889"
"2024-09-19","8.1300","8.1789","7.6400","7.7200","4509104"
"2024-09-20","7.7900","8.2500","7.7400","8.2200","6914783"
"2024-09-23","8.2300","8.5188","7.9800","8.0100","5432449"
"2024-09-24","8.0800","8.2700","7.7800","8.1200","4222787"
"2024-09-25","8.0800","8.0900","7.5011","7.5900","5402002"
"2024-09-26","7.7900","8.0900","7.5850","8.0600","4472724"
"2024-09-27","8.9000","10.0000","8.5800","9.7100","45245543"
"2024-09-30","9.7600","10.1100","8.5800","8.7400","20012668"
"2024-10-01","8.8900","8.9700","8.0400","8.1700","12275544"
"2024-10-02","8.0900","9.3000","7.9900","9.2000","13016516"
"2024-10-03","9.0200","9.3600","8.7900","9.2500","8820104"
"2024-10-04","9.4000","9.5000","9.1400","9.3100","7502220"
"2024-10-07","9.4900","9.6100","8.8550","9.0700","8757025"
"2024-10-08","9.0200","9.6650","8.9700","9.5500","8994954"
"2024-10-09","9.5900","9.7400","9.2700","9.5400","6781825"
"2024-10-10","9.3100","9.8399","9.0988","9.8100","9533267"
"2024-10-11","9.6600","10.7200","9.6200","10.6600","11705857"
"2024-10-14","10.7000","11.0000","10.3300","10.8400","10807585"
"2024-10-15","10.7100","11.3099","10.3600","10.4900","12716384"
"2024-10-16","10.7400","12.3450","10.7000","12.3000","17236182"
"2024-10-17","11.7900","12.6700","11.6200","12.5000","13790383"
"2024-10-18","12.5600","13.7950","12.5600","13.3000","21236764"
"2024-10-21","13.2200","15.2300","12.9900","14.7600","29875008"
"2024-10-22","14.8900","15.2900","13.8900","15.0100","21299214"
"2024-10-23","14.6200","16.1300","14.0700","14.7400","29995850"
"2024-10-24","15.2900","16.1400","14.5800","15.7100","22086507"
"2024-10-25","15.8000","17.0500","15.7100","16.9600","25259611"
"2024-10-28","17.5200","18.2000","16.5500","17.8100","31529528"
"2024-10-29","17.5000","17.8000","15.7300","16.7400","32312941"
"2024-10-30","15.7600","17.5450","15.7600","16.8700","23685238"
"2024-10-31","16.7100","16.9750","14.7550","15.0300","22506862"
"2024-11-01","15.2700","15.5050","14.5350","14.8500","15846997"
"2024-11-04","14.9000","15.1100","14.1500","14.3700","12424224"
"2024-11-05","14.7900","15.5500","14.6300","15.3500","12942821"
"2024-11-06","16.7300","16.8300","15.8500","16.4500","20834503"
"2024-11-07","16.4300","22.6200","16.2900","22.1100","70733418"
"2024-11-08","21.6900","25.6800","21.3100","24.7900","64845208"
"2024-11-11","24.3900","24.4900","21.3000","23.5200","35693714"
"2024-11-12","22.0000","25.4400","22.0000","23.0100","28019188"
"2024-11-13","23.8800","27.6500","23.6700","26.7600","41306135"
"2024-11-14","27.9000","28.0500","24.8700","26.1600","35122524"
"2024-11-15","26.2900","29.4800","25.0300","29.1400","37575992"
"2024-11-18","28.1500","28.4700","22.2700","25.2300","54255335"
"2024-11-19","25.2000","28.3000","24.8700","27.8900","30086631"
"2024-11-20","27.9100","30.5000","27.4277","28.8600","28874806"
"2024-11-21","28.8000","33.8013","28.4800","32.7800","43881811"
"2024-11-22","32.4900","33.0700","30.3000","31.8000","28146347"
"2024-11-25","33.9300","35.2400","30.4612","30.8800","31379342"
"2024-11-26","30.5000","32.8600","29.7000","30.6500","22521844"
"2024-11-27","31.1000","32.3696","28.3201","32.2100","24277856"
"2024-11-29","32.2100","37.2800","31.9600","36.5000","23227410"
"2024-12-02","36.5400","37.0000","31.7701","32.0600","28440402"
"2024-12-03","31.8000","33.6800","30.8200","32.7900","20329143"
"2024-12-04","32.6800","34.9500","31.1700","33.4200","17219606"
"2024-12-05","33.9500","37.6400","32.6500","35.9500","28953963"
"2024-12-06","36.3100","38.4486","34.9000","37.9700","19783603"
"2024-12-09","38.0000","38.2500","34.1600","34.2400","22414871"
"2024-12-10","33.0000","36.7500","32.6250","32.9700","25017823"
"2024-12-11","32.9900","32.9900","28.0400","29.8300","36443854"
"2024-12-12","29.3600","32.7800","28.9400","29.9900","21879548"
"2024-12-13","30.2300","34.0350","29.5200","33.8300","24677315"
"2024-12-16","32.4700","42.8100","32.3900","41.8100","42539376"
"2024-12-17","41.6400","43.9400","39.2500","43.8400","31560487"
"2024-12-18","41.6500","44.9900","37.0000","37.5000","37488619"
"2024-12-19","40.7100","42.4000","36.5401","37.7600","27705823"
"2024-12-20","36.9600","47.4100","36.7000","44.4200","47711374"
"2024-12-23","45.3300","45.5000","41.3000","41.3200","27057204"
"2024-12-24","41.9900","45.4000","39.8400","44.5800","18418371"
"2024-12-26","44.5000","48.5600","42.5600","48.2400","24821271"
"2024-12-27","46.8700","48.2500","44.5001","45.4800","22491380"
"2024-12-30","44.6000","45.7900","41.5100","44.2900","17610859"
"2024-12-31","44.5200","45.1400","40.9000","41.7700","15311420"
"2025-01-02","41.2800","43.7900","38.4600","43.1000","22986249"
"2025-01-03","43.1000","47.9090","43.0000","47.7700","28235532"
"2025-01-06","48.3000","51.6600","47.1342","51.0700","23299872"
"2025-01-07","51.2800","54.7400","48.7300","49.5900","27090333"
"2025-01-08","38.7500","39.0000","25.9240","30.2500","128343761"
"2025-01-10","31.9900","33.9799","28.5100","32.3300","69769769"
"2025-01-13","29.5500","32.8300","27.1631","27.8600","52751688"
"2025-01-14","28.2000","30.2000","26.6250","29.5100","43673198"
"2025-01-15","32.7800","40.5000","32.4100","39.3900","74872063"
"2025-01-16","36.8600","42.0000","36.1300","41.5500","46324605"
"2025-01-17","40.0300","42.3500","38.7700","38.8900","30697677"
"2025-01-21","39.1900","45.5600","38.8000","45.3100","35231944"
"2025-01-22","45.2400","45.3500","40.9400","42.0400","26440169"
"2025-01-23","41.4400","43.9400","40.3300","41.3500","17140798"
"2025-01-24","41.6900","44.2300","40.5100","40.7600","19665918"
"2025-01-27","38.0200","42.1200","37.0000","38.5400","21461095"
"2025-01-28","40.0100","40.3599","35.7500","38.8600","15725215"
"2025-01-29","39.2600","40.6000","38.3900","39.5400","13098561"
"2025-01-30","40.4500","41.6793","38.2310","38.8100","12505504"
"2025-01-31","38.9600","42.9800","38.8000","39.4900","20079013"
"2025-02-03","37.4000","42.3765","37.2100","41.4700","16578793"
"2025-02-04","41.8900","44.5900","41.4300","41.8600","16434497"
"2025-02-05","42.2700","43.5900","39.6500","42.3200","13473038"
"2025-02-06","42.6700","44.3400","40.6500","41.2700","10405922"
"2025-02-07","41.6600","43.9700","40.0500","40.5700","15951675"
"2025-02-10","39.4900","42.8500","39.1800","41.0700","13666919"
"2025-02-11","41.8000","42.4900","37.5500","37.7000","15568751"
"2025-02-12","38.0000","39.3300","37.5100","38.0000","11894502"
"2025-02-13","38.5800","38.8500","36.5200","38.6500","14220234"
"2025-02-14","38.4000","38.5800","37.0400","37.4600","8178180"
"2025-02-18","36.0000","36.3199","32.8200","33.9400","20116089"
"2025-02-19","33.3300","35.9299","32.3400","34.1400","20531238"
"2025-02-20","35.6400","35.7094","32.8400","33.7500","13058740"
"2025-02-21","34.8100","35.5000","31.3600","31.7400","15788843"
"2025-02-24","31.1600","32.5401","30.0100","31.2400","12451787"
"2025-02-25","30.8800","31.1100","28.1200","29.7300","13278431"
"2025-02-26","30.7800","31.0717","29.5500","29.9300","14152719"
"2025-02-27","28.0400","28.9900","24.3300","24.9100","34732795"
"2025-02-28","24.0400","25.6200","23.0100","24.5700","21996057"
"2025-03-03","25.3200","25.5800","22.6500","23.1100","18253663"
"2025-03-04","21.4500","23.1964","20.8400","22.3500","21074786"
"2025-03-05","22.9100","23.2000","21.6600","22.6300","16067827"
"2025-03-06","21.9900","22.0600","20.3201","20.4800","16639264"
"2025-03-07","20.5100","21.2900","19.9150","20.5500","16189220"
"2025-03-10","20.0000","20.1100","17.9350","18.2700","15162036"
"2025-03-11","18.3800","19.1767","17.8800","18.7000","17836171"
"2025-03-12","20.2700","22.1900","19.5900","21.8200","27255066"
"2025-03-13","21.7000","22.5700","20.5700","21.3700","32423238"
"2025-03-14","22.1300","25.2400","22.0600","25.0000","37795873"
"2025-03-17","24.9800","25.5000","24.0300","24.9300","30552898"
"2025-03-18","23.6500","24.4591","22.6350","22.6800","20876285"
"2025-03-19","23.5900","24.1191","22.1800","23.3000","16600506"
"2025-03-20","23.3250","24.5000","20.6100","21.1400","29478496"
"2025-03-21","20.9600","22.7200","20.8600","22.2600","21965919"
"2025-03-24","23.2300","26.3200","23.0800","26.1200","34724183"
"2025-03-25","25.7700","26.1900","25.0400","25.5500","17186873"
"2025-03-26","26.7300","27.8300","24.6600","24.8000","30122315"
"2025-03-27","24.0900","25.2000","23.4450","23.6500","14118999"
"2025-03-28","23.6600","23.6600","21.9200","22.8500","15453545"
"2025-03-31","21.6700","23.0976","21.5000","22.0700","15046773"
"2025-04-01","24.3100","24.6200","22.2200","23.1900","22958093"
"2025-04-02","23.0800","25.8350","22.6900","25.0500","25696283"
"2025-04-03","23.1250","23.7791","22.5300","23.2500","19912753"
"2025-04-04","22.6000","22.8700","19.3700","20.6800","26829546"
"2025-04-07","19.6100","24.0000","18.8100","22.7500","29250669"
"2025-04-08","24.0500","24.5991","20.6500","21.2800","26233131"
"2025-04-09","21.8750","26.5600","21.3605","26.3700","31936059"
"2025-04-10","25.3300","26.6150","24.4500","25.8900","18742102"
"2025-04-11","26.2400","27.2500","25.3709","26.0900","15810569"
"2025-04-14","27.7000","28.2500","24.7500","25.3500","19201273"
"2025-04-15","25.5900","26.0750","24.6650","25.4000","9735202"
"2025-04-16","24.4503","25.3600","23.8009","24.5700","9711323"
"2025-04-17","24.9300","25.8700","24.4800","25.7400","10178710"
"2025-04-21","25.1550","25.2000","23.4850","24.0300","11771305"
"2025-04-22","24.4900","25.9300","23.9300","25.5600","12158544"
"2025-04-23","27.0900","27.8400","26.2700","26.8000","14517927"
"2025-04-24","27.0000","29.5800","26.9600","28.3900","17959288"
"2025-04-25","28.4200","31.8500","27.7100","28.9000","27672300"
"2025-04-28","29.2900","29.9600","27.2681","28.7000","13570787"
"2025-04-29","28.9000","29.1400","27.6883","28.0900","8214694"
"2025-04-30","26.7200","27.5000","26.3300","27.4600","9548212"
"2025-05-01","28.3350","28.4600","27.1600","27.3800","9987419"
"2025-05-02","27.8000","31.3300","27.6500","30.9200","24011728"
"2025-05-05","30.1300","30.8299","29.6100","29.8200","9584868"
"2025-05-06","28.5500","29.5000","27.9700","29.4200","10913261"
"2025-05-07","29.0250","29.3550","28.4950","29.1400","9016737"
"2025-05-08","31.7400","33.5000","28.1100","31.8400","39187658"
"2025-05-09","31.4300","32.6400","29.9300","31.2700","19086401"
"2025-05-12","33.1200","33.9300","31.9312","32.8900","16465600"
"2025-05-13","32.6100","34.1000","32.3300","33.2200","13943072"
"2025-05-14","33.7000","35.2900","32.7500","33.4100","18701827"
"2025-05-15","32.9300","34.3946","32.2300","32.5400","11151395"
"2025-05-16","33.5200","35.1501","32.9700","34.9900","17643752"
"2025-05-19","33.6000","35.1350","32.8300","35.0900","13255268"
"2025-05-20","35.8900","35.9900","34.1901","35.3100","17686231"
"2025-05-21","35.0800","36.6100","33.3300","33.5400","21395195"
"2025-05-22","33.8200","48.9200","33.7300","45.7900","105188117"
"2025-05-23","41.9600","47.8678","41.2100","45.6900","53827271"
"2025-05-27","46.5500","48.0800","43.6000","48.0400","30147582"
"2025-05-28","46.0000","48.9400","44.6500","47.5600","28831257"
"2025-05-29","48.0000","48.8200","42.9400","43.2000","26180352"
"2025-05-30","40.4600","41.6100","39.3000","40.3400","27156163"
"2025-06-02","40.0100","41.0700","38.3500","40.5700","15261764"
"2025-06-03","41.7400","42.3900","39.5200","39.8100","12476187"
"2025-06-04","40.0400","40.1500","37.9300","39.6400","12078966"
"2025-06-05","39.1000","39.2500","35.9268","36.6600","17408691"
"2025-06-06","37.6700","39.9500","36.8000","39.0200","16146130"
"2025-06-09","42.5350","42.5500","38.8500","40.0600","36305055"
"2025-06-10","40.6400","44.0500","39.4600","39.7400","31977934"
"2025-06-11","41.5900","43.9600","38.9400","39.7000","53397297"
"2025-06-12","39.4900","40.8600","38.6207","38.7100","20079568"
"2025-06-13","37.5900","39.8300","37.4400","37.8400","19404599"
"2025-06-16","37.2400","39.2600","36.0300","38.4300","29311138"
"2025-06-17","37.8600","38.6564","36.8600","38.0400","18889315"
"2025-06-18","37.5200","39.6700","37.3100","39.6300","18288650"
"2025-06-20","39.6100","41.4400","38.9200","40.3600","33098968"
"2025-06-23","38.8700","41.2100","37.3800","41.1400","24966065"
"2025-06-24","41.9050","42.8100","40.5300","40.8600","19999091"
"2025-06-25","41.7200","42.1300","38.0600","38.1100","16075718"
"2025-06-26","39.5700","41.7000","39.0100","41.1200","21786403"
"2025-06-27","41.3000","41.8700","38.9700","40.2500","21643333"
"2025-06-30","41.2100","44.1000","41.0800","42.9700","29526415"
"2025-07-01","42.3700","42.6700","39.7200","40.1000","21237890"
"2025-07-02","41.1900","44.9200","40.4700","44.7500","24757053"
"2025-07-03","44.2250","45.5781","43.2200","44.3900","13345323"
"2025-07-07","46.3800","47.2100","42.8500","45.2000","33850931"
"2025-07-08","46.6500","47.8800","44.6800","44.9700","25675945"
"2025-07-09","45.7300","47.2499","44.4800","45.5600","24574175"
"2025-07-10","45.5600","46.3500","44.5250","45.9300","19544580"
"2025-07-11","45.0000","45.5700","41.7701","41.8100","23363626"
"2025-07-14","42.0900","42.7200","41.3750","42.4100","16527578"
"2025-07-15","42.5500","43.1400","41.0800","41.4700","15889182"
"2025-07-16","42.2500","43.6700","40.8400","43.5400","24223139"
"2025-07-17","43.4350","44.8600","43.1200","44.8400","20228762"
"2025-07-18","44.8700","47.6400","44.0200","46.5100","25760405"
"2025-07-21","46.8100","47.7250","44.4200","44.4300","23906955"
"2025-07-22","44.5200","44.5400","41.2900","41.9400","18995743"
"2025-07-23","42.7400","43.5400","41.7850","43.2800","14455131"
"2025-07-24","42.8900","44.6400","42.2500","43.9000","18006268"
"2025-07-25","44.2400","44.2500","42.9400","43.1700","13392031"
"2025-07-28","43.9200","44.5300","41.4350","42.3400","16976724"
"2025-07-29","43.0100","44.2100","40.3501","40.5300","21070279"
"2025-07-30","40.9750","41.8600","39.2300","39.8800","17861416"
"2025-07-31","41.1200","42.2750","39.6200","39.8700","21572670"
"2025-08-01","38.9400","39.1926","37.2500","38.1200","20028190"
"2025-08-04","38.9900","40.6956","38.4200","39.8600","16131416"
"2025-08-05","40.6400","42.4400","40.1300","42.0200","22060462"
"2025-08-06","43.6000","43.6000","40.7800","41.2300","23969629"
"2025-08-07","38.9800","41.5778","38.6100","40.4900","27970432"
"2025-08-08","40.5100","42.3688","40.4101","41.8500","20441527"
"2025-08-11","41.9500","46.8200","41.4100","44.9400","35598846"
"2025-08-12","44.6500","44.9700","42.6300","43.0000","20835613"
"2025-08-13","43.2300","43.5000","40.7500","41.2100","20702318"
"2025-08-14","40.5100","41.1200","39.2800","41.0300","16638152"
"2025-08-15","40.7800","40.8289","39.4200","40.2300","10334824"
"2025-08-18","40.0000","40.5000","39.0100","40.2300","8204336"
"2025-08-19","40.2200","40.2900","36.5850","36.8000","18738426"
"2025-08-20","37.3800","37.4100","34.7700","36.7900","16401257"
"2025-08-21","37.2500","37.3771","36.4500","37.1700","10120963"
"2025-08-22","37.1000","39.9200","36.6500","39.7800","15199384"
"2025-08-25","39.7000","39.8200","38.5300","38.6800","12158678"
"2025-08-26","38.8500","40.9200","38.7100","40.7500","13548859"
"2025-08-27","41.0200","42.6701","40.7700","41.4200","17335745"
"2025-08-28","41.5500","43.7300","41.4500","43.3000","16109085"
"2025-08-29","42.5500","43.2700","41.8100","42.7400","11540586"
"2025-09-02","41.0350","43.0500","40.2200","42.9900","13787121"
"2025-09-03","42.6450","43.2100","40.5800","40.9700","10219930"
"2025-09-04","41.2300","43.0300","40.7900","42.1100","13213861"
"2025-09-05","42.4600","42.7300","40.5100","41.8000","11508864"
"2025-09-08","42.0900","42.5900","40.3800","41.0100","10501715"
"2025-09-09","41.3900","44.2600","41.0450","44.0000","17694881"
"2025-09-10","44.3100","45.1800","43.5600","43.8600","14429958"
"2025-09-11","44.2000","47.2300","43.3800","47.0500","21599093"
"2025-09-12","47.3000","56.0700","47.1500","55.6100","68818848"
"2025-09-15","56.8800","59.8899","55.9500","59.1100","34676982"
"2025-09-16","58.9800","62.8500","57.1312","62.2600","30636632"
